page_name,page_id,total_ads,unique_ads,percent_unique,avg_words,avg_spend,per_ad_avg_spend,total_avg_impressions,per_ad_avg_impression,total_min_reach,per_ad_min_reach,avg_ad_runtime,avg_female_13_17,avg_female_18_24,avg_female_25_34,avg_female_35_44,avg_female_45_54,avg_female_55_64,avg_female_65_plus,avg_male_13_17,avg_male_18_24,avg_male_25_34,avg_male_35_44,avg_male_45_54,avg_male_55_64,avg_male_65_plus,avg_female,avg_male,avg_13_17,avg_18_24,avg_25_34,avg_35_44,avg_45_54,avg_55_64,avg_65_plus,avg_pha,avg_stc,avg_jhc,avg_plk,avg_kvk,avg_ulk,avg_lbk,avg_hkk,avg_pak,avg_vys,avg_jhm,avg_olk,avg_msk,avg_zlk
SPOLU pro Prahu,101279652413889,1766,187,0.106,59,567217,321,9112117,5160,120207318,68068,3.5,0,0.015,0.126,0.131,0.083,0.016,0.013,0,0.019,0.183,0.182,0.102,0.015,0.01,0.385,0.511,0,0.034,0.31,0.313,0.185,0.032,0.022,0.878,0.016,0.001,0.001,0,0.001,0.001,0.001,0.001,0,0.001,0.001,0.001,0.001
Generál Pavel,102389958091735,703,183,0.26,55,837948,1192,34427648,48972,444620703,632462,6.2,0,0.001,0.192,0.106,0.078,0.045,0.036,0,0.002,0.252,0.139,0.08,0.032,0.028,0.458,0.534,0,0.003,0.444,0.245,0.158,0.077,0.064,0.099,0.079,0.047,0.045,0.025,0.081,0.032,0.038,0.036,0.033,0.167,0.083,0.159,0.071
ODS Praha,137681825598,576,71,0.123,65,128812,224,2062712,3581,15283259,26533,3.2,0,0.009,0.099,0.12,0.058,0.022,0.026,0,0.027,0.23,0.24,0.107,0.03,0.022,0.335,0.656,0,0.036,0.329,0.36,0.166,0.052,0.048,0.993,0.006,0,0,0,0,0,0,0,0,0,0,0,0
Tomio Okamura - SPD,179497582061065,551,515,0.935,468,241474,438,4871724,8842,526400551,955355,1,0,0.007,0.022,0.046,0.063,0.107,0.109,0,0.032,0.112,0.183,0.128,0.102,0.082,0.355,0.639,0,0.039,0.134,0.229,0.191,0.209,0.191,0.083,0.09,0.058,0.055,0.037,0.109,0.05,0.054,0.048,0.044,0.113,0.068,0.133,0.055
Milion chvilek pro demokracii,728495140691300,472,21,0.044,77,161114,341,1414764,2997,190884331,404416,3.7,0,0.034,0.05,0.061,0.059,0.056,0.056,0,0.053,0.06,0.067,0.066,0.054,0.05,0.316,0.35,0,0.086,0.111,0.128,0.125,0.11,0.106,0.19,0.072,0.034,0.028,0.013,0.037,0.024,0.032,0.027,0.022,0.084,0.03,0.047,0.03
Tomáš Zima,236211929833146,367,54,0.147,49,226366,617,6798816,18525,197767159,538875,11.4,0,0.015,0.03,0.029,0.035,0.044,0.055,0,0.054,0.131,0.112,0.089,0.056,0.048,0.208,0.49,0,0.069,0.161,0.14,0.125,0.1,0.104,0.065,0.063,0.046,0.044,0.023,0.078,0.031,0.039,0.038,0.03,0.086,0.043,0.078,0.035
Zvon #9801,109553708206923,305,84,0.275,32,122198,401,4468848,14652,119365186,391361,12.3,0,0.062,0.049,0.03,0.025,0.021,0.029,0,0.206,0.219,0.116,0.066,0.033,0.042,0.216,0.683,0,0.268,0.269,0.146,0.091,0.055,0.071,0.171,0.094,0.052,0.053,0.026,0.074,0.035,0.043,0.04,0.037,0.097,0.049,0.084,0.046
Eva Rajchmanová - starostka a kandidátka do Senátu,110208494972750,296,122,0.412,90,34252,116,776852,2624,4457593,15059,3.5,0,0.067,0.102,0.12,0.137,0.098,0.077,0,0.061,0.117,0.091,0.066,0.036,0.026,0.601,0.396,0,0.128,0.218,0.211,0.203,0.134,0.103,0.001,0,0,0,0,0,0,0,0,0,0.993,0.001,0,0.002
Peak.cz,378827025796132,286,124,0.434,33,31357,110,342857,1199,29500286,103148,4.4,0,0,0.003,0.007,0.019,0.046,0.064,0,0.013,0.064,0.098,0.145,0.145,0.136,0.14,0.6,0,0.013,0.067,0.104,0.164,0.191,0.201,0.11,0.068,0.04,0.034,0.024,0.07,0.032,0.029,0.031,0.031,0.098,0.048,0.092,0.034
Petr Fiala,487445514669670,266,133,0.5,90,487267,1832,8281867,31135,18303563,68810,5.6,0,0.015,0.047,0.059,0.065,0.033,0,0,0.117,0.252,0.198,0.149,0.058,0,0.22,0.774,0,0.132,0.299,0.258,0.214,0.091,0,0.257,0.106,0.056,0.049,0.021,0.061,0.035,0.043,0.04,0.056,0.128,0.041,0.065,0.041
Greenpeace Česká republika,55876739776,262,54,0.206,170,952369,3635,6503370,24822,67441044,257409,5.3,0.005,0.174,0.278,0.159,0.073,0.036,0.035,0.002,0.048,0.077,0.044,0.018,0.008,0.01,0.761,0.207,0.007,0.222,0.355,0.203,0.092,0.044,0.045,0.314,0.083,0.043,0.041,0.02,0.062,0.034,0.043,0.035,0.029,0.106,0.044,0.079,0.037
Jan Kavalírek / radní Praha 5,101500052256658,256,79,0.309,80,73272,286,762872,2980,3098840,12105,9.7,0,0.105,0.149,0.084,0.054,0.025,0.02,0,0.087,0.164,0.101,0.06,0.022,0.018,0.437,0.453,0,0.193,0.313,0.185,0.114,0.046,0.038,0.895,0,0,0,0,0,0,0,0,0,0,0,0,0
Šárka Jelínková,1158186927548185,245,122,0.498,77,28828,118,581378,2373,1893641,7729,3.8,0,0.115,0.153,0.164,0.115,0.082,0.073,0,0.051,0.08,0.066,0.045,0.028,0.024,0.703,0.294,0,0.167,0.233,0.231,0.16,0.109,0.097,0,0,0,0,0,0,0,0,0,0,0.074,0.001,0,0.925
Ondřej Prokop,197010357446014,230,137,0.596,619,351085,1526,2635885,11460,29178428,126863,3,0,0.015,0.033,0.07,0.101,0.122,0.194,0,0.034,0.069,0.082,0.098,0.074,0.088,0.536,0.447,0,0.049,0.103,0.152,0.199,0.196,0.283,0.716,0.097,0.012,0.012,0.01,0.029,0.012,0.013,0.01,0.009,0.022,0.012,0.024,0.01
Ministerstvo práce a sociálních věcí,211685455639198,209,55,0.263,36,342796,1640,9711396,46466,69950209,334690,7.8,0,0.055,0.129,0.163,0.187,0.081,0.046,0,0.037,0.057,0.076,0.091,0.04,0.024,0.662,0.325,0,0.092,0.186,0.24,0.278,0.121,0.069,0.093,0.111,0.094,0.086,0.03,0.102,0.06,0.062,0.062,0.059,0.08,0.042,0.075,0.032
Transparency International ČR,117823623864,196,121,0.617,98,66702,340,1158902,5913,93640196,477756,4,0,0.055,0.059,0.059,0.047,0.053,0.115,0,0.049,0.123,0.182,0.1,0.065,0.087,0.388,0.605,0,0.103,0.182,0.241,0.147,0.118,0.202,0.227,0.116,0.041,0.038,0.021,0.068,0.033,0.04,0.034,0.03,0.186,0.042,0.081,0.04
CNN Prima NEWS,2214398435317853,179,35,0.196,13,46460,260,576410,3220,14230545,79500,2.5,0.001,0.013,0.074,0.103,0.101,0.071,0.06,0.003,0.044,0.153,0.137,0.119,0.06,0.042,0.422,0.558,0.004,0.057,0.227,0.24,0.22,0.131,0.102,0.131,0.109,0.06,0.061,0.027,0.094,0.043,0.047,0.047,0.042,0.115,0.053,0.102,0.047
ODS - Občanská demokratická strana,30575632699,171,87,0.509,49,259814,1519,4267914,24959,12540171,73334,3.9,0,0.031,0.051,0.049,0.058,0.032,0,0,0.148,0.236,0.181,0.148,0.061,0,0.221,0.774,0,0.179,0.286,0.23,0.206,0.094,0,0.236,0.105,0.055,0.044,0.023,0.069,0.038,0.046,0.043,0.038,0.13,0.05,0.079,0.044
Časopis Reflex,34825122262,156,62,0.397,37,160922,1032,2418422,15503,105800156,678206,6.8,0,0.038,0.093,0.1,0.087,0.052,0.044,0,0.07,0.135,0.141,0.107,0.053,0.041,0.414,0.546,0,0.108,0.227,0.241,0.194,0.105,0.085,0.233,0.109,0.05,0.045,0.023,0.061,0.036,0.044,0.04,0.033,0.116,0.044,0.085,0.045
Český rozhlas Plus,424114981002397,154,139,0.903,39,115573,750,5258923,34149,146020154,948183,13.3,0,0.039,0.079,0.089,0.077,0.066,0.085,0,0.063,0.12,0.125,0.101,0.061,0.066,0.435,0.537,0,0.102,0.199,0.214,0.179,0.127,0.151,0.209,0.095,0.051,0.059,0.025,0.072,0.035,0.044,0.04,0.034,0.116,0.051,0.085,0.061
Zdeněk Hraba,551976351670874,150,124,0.827,93,41025,274,608925,4060,38420150,256134,2.2,0,0.022,0.033,0.057,0.071,0.09,0.117,0,0.052,0.083,0.116,0.129,0.104,0.1,0.391,0.586,0,0.075,0.116,0.173,0.201,0.194,0.217,0.031,0.805,0.01,0.01,0.006,0.019,0.009,0.01,0.009,0.008,0.021,0.012,0.021,0.009
Hnutí DUHA - Přátelé Země Česká republika,58887737763,145,46,0.317,53,380728,2626,3368928,23234,66170343,456347,8.4,0,0.069,0.137,0.156,0.081,0.062,0.068,0,0.04,0.078,0.091,0.058,0.039,0.042,0.573,0.347,0,0.109,0.215,0.248,0.139,0.101,0.11,0.217,0.084,0.049,0.04,0.018,0.05,0.032,0.043,0.043,0.035,0.134,0.058,0.086,0.043
Svět hospodářství,106834174877753,142,138,0.972,64,114329,805,2738929,19288,142000142,1000001,10.8,0,0.302,0.141,0.02,0.02,0.033,0.042,0,0.149,0.082,0.048,0.06,0.052,0.045,0.558,0.435,0,0.451,0.223,0.067,0.079,0.085,0.087,0.186,0.112,0.057,0.059,0.029,0.083,0.04,0.051,0.045,0.037,0.108,0.049,0.097,0.042
Andrej Babiš,214827221987263,140,65,0.464,28,1035180,7394,6633430,47382,31370140,224072,1.9,0,0.079,0.074,0.071,0.086,0.084,0.098,0,0.083,0.112,0.085,0.071,0.044,0.046,0.492,0.442,0,0.163,0.186,0.155,0.157,0.128,0.145,0.059,0.117,0.031,0.038,0.026,0.137,0.024,0.043,0.026,0.067,0.201,0.055,0.072,0.036
Sázíme Česko,104768355190287,136,25,0.184,124,747382,5495,6898432,50724,101103631,743409,6.2,0,0.166,0.298,0.172,0.077,0.025,0.011,0,0.043,0.078,0.042,0.017,0.007,0.007,0.75,0.194,0,0.209,0.376,0.214,0.094,0.032,0.018,0.216,0.101,0.048,0.047,0.017,0.056,0.034,0.043,0.041,0.036,0.126,0.048,0.085,0.043
Zdeněk Hřib - primátor Prahy,302134090396266,134,79,0.59,126,124233,927,1643933,12268,12355134,92202,1.9,0,0.038,0.076,0.066,0.048,0.034,0.042,0,0.122,0.236,0.159,0.089,0.042,0.041,0.303,0.689,0,0.159,0.312,0.225,0.137,0.076,0.083,0.824,0.081,0.007,0.007,0.004,0.013,0.006,0.007,0.006,0.005,0.015,0.007,0.013,0.006
Pro Jablonec,424864520888915,126,32,0.254,102,38287,304,864437,6861,5655126,44882,5.7,0,0.06,0.066,0.076,0.087,0.073,0.083,0,0.045,0.069,0.075,0.07,0.043,0.041,0.445,0.343,0,0.104,0.136,0.15,0.157,0.116,0.124,0.002,0.003,0.001,0.001,0,0.002,0.777,0.003,0.001,0.001,0.001,0.001,0.002,0.001
EURACTIV.cz,284944781875,121,108,0.893,55,37990,314,826440,6830,110910121,916613,6.1,0,0.245,0.131,0.037,0.06,0.025,0.002,0,0.136,0.1,0.084,0.124,0.032,0.001,0.5,0.477,0,0.381,0.231,0.122,0.184,0.057,0.002,0.174,0.102,0.074,0.054,0.03,0.089,0.036,0.06,0.054,0.036,0.104,0.045,0.087,0.038
Naše zdravotnictví,693725074166331,120,96,0.8,46,87290,727,1331440,11095,120000120,1000001,6,0,0.021,0.079,0.127,0.187,0.162,0.132,0,0.019,0.046,0.04,0.047,0.037,0.032,0.708,0.221,0,0.04,0.126,0.167,0.234,0.199,0.163,0.133,0.086,0.052,0.051,0.028,0.08,0.039,0.057,0.042,0.041,0.108,0.055,0.116,0.045
Karel Janeček,223117541065037,118,73,0.619,134,1349491,11436,23647444,200402,111100118,941526,8,0,0.174,0.126,0.096,0.071,0.039,0.033,0,0.121,0.131,0.092,0.058,0.024,0.02,0.539,0.446,0,0.295,0.257,0.188,0.129,0.063,0.052,0.154,0.108,0.053,0.051,0.028,0.089,0.044,0.049,0.044,0.04,0.108,0.051,0.1,0.059
Rádio Universum,264983260329918,115,107,0.93,67,142492,1239,2377942,20678,115000115,1000001,4,0,0,0.018,0.054,0.109,0.144,0.169,0,0,0.03,0.079,0.141,0.129,0.123,0.493,0.501,0,0,0.047,0.132,0.25,0.272,0.292,0.147,0.096,0.054,0.051,0.031,0.089,0.045,0.05,0.045,0.039,0.112,0.062,0.123,0.055
Jiří Crha - starosta Blanska a radní Jihomoravského kraje,103624831753285,110,91,0.827,25,91345,830,774945,7045,1751110,15919,3.9,0,0.119,0.106,0.094,0.085,0.046,0.04,0,0.119,0.14,0.095,0.061,0.026,0.025,0.491,0.467,0,0.238,0.246,0.19,0.147,0.072,0.066,0.001,0.001,0,0.001,0,0.001,0,0.001,0.001,0.001,0.954,0.001,0.002,0.001
Petr Hlaváček - kandidát na primátora,328899600936330,110,103,0.936,88,213545,1941,2190445,19913,23280110,211637,2.4,0,0.035,0.057,0.054,0.052,0.046,0.06,0,0.098,0.217,0.162,0.102,0.055,0.053,0.304,0.687,0,0.133,0.274,0.216,0.153,0.101,0.113,0.996,0.004,0,0,0,0,0,0,0,0,0,0,0,0
Petr Hladík,1410403182565683,109,94,0.862,76,152596,1400,2294946,21055,10602109,97267,7.6,0,0.075,0.118,0.109,0.071,0.053,0.064,0,0.076,0.152,0.114,0.063,0.034,0.038,0.49,0.476,0,0.15,0.27,0.223,0.134,0.087,0.102,0.003,0.002,0.001,0.001,0.001,0.002,0.001,0.001,0.001,0.001,0.955,0.001,0.002,0.001
hnutí spOLečně,159731441359190,106,61,0.575,106,145647,1374,2860447,26985,5300106,50001,33.8,0,0.065,0.095,0.081,0.064,0.048,0.058,0,0.064,0.131,0.1,0.066,0.034,0.038,0.411,0.433,0,0.13,0.226,0.18,0.13,0.082,0.096,0,0,0,0,0,0,0,0,0,0,0,0.849,0,0
Klub Pátečníků - patecnici.cz,203656526961481,106,48,0.453,127,92197,870,1618447,15268,58840106,555095,19.7,0,0.049,0.043,0.044,0.066,0.086,0.132,0,0.093,0.094,0.075,0.091,0.086,0.093,0.421,0.533,0,0.142,0.138,0.12,0.158,0.171,0.225,0.173,0.096,0.055,0.049,0.029,0.082,0.038,0.048,0.043,0.037,0.11,0.051,0.099,0.046
Kniha Revoluce - Jakub Trpiš,394570898000897,104,6,0.058,122,166298,1599,996948,9586,14882975,143106,111.5,0,0.004,0.013,0.052,0.109,0.141,0.117,0,0,0.018,0.07,0.134,0.145,0.125,0.436,0.492,0,0.004,0.031,0.122,0.243,0.286,0.242,0.123,0.1,0.055,0.05,0.035,0.078,0.042,0.053,0.045,0.032,0.104,0.054,0.113,0.049
XTV,711658465662315,104,98,0.942,21,216998,2087,1829948,17596,16420104,157886,3.4,0,0.002,0.025,0.034,0.057,0.132,0.278,0,0.001,0.025,0.053,0.097,0.126,0.168,0.527,0.47,0,0.003,0.05,0.087,0.154,0.258,0.446,0.171,0.094,0.047,0.044,0.033,0.097,0.039,0.046,0.043,0.035,0.11,0.056,0.13,0.053
KDU-ČSL,251656685576,102,93,0.912,55,337549,3309,15486949,151833,86220201,845296,10.9,0,0.223,0.101,0.072,0.058,0.043,0.033,0,0.145,0.109,0.086,0.058,0.03,0.025,0.53,0.454,0,0.369,0.211,0.158,0.116,0.073,0.058,0.094,0.1,0.057,0.052,0.031,0.089,0.041,0.06,0.056,0.051,0.112,0.1,0.102,0.043
Piráti Praha 7,287665901740773,102,39,0.382,88,26149,256,399949,3921,1365686,13389,7.5,0,0.076,0.099,0.092,0.015,0.007,0.008,0,0.102,0.189,0.158,0.028,0.009,0.012,0.297,0.499,0,0.179,0.288,0.25,0.043,0.016,0.021,0.804,0,0,0,0,0,0,0,0,0,0,0,0,0
Česká pirátská strana,109323929038,100,55,0.55,78,92850,928,1678950,16790,7910100,79101,4.5,0.002,0.137,0.121,0.041,0.022,0.017,0.022,0.001,0.199,0.257,0.081,0.028,0.017,0.025,0.362,0.609,0.003,0.335,0.378,0.122,0.05,0.034,0.048,0.276,0.088,0.048,0.045,0.019,0.056,0.035,0.044,0.038,0.035,0.126,0.05,0.08,0.04
Fakt Brno,110287941156767,99,56,0.566,39,131900,1332,1993950,20141,5409297,54639,5.6,0,0.173,0.204,0.045,0.002,0.002,0.003,0,0.165,0.304,0.071,0.003,0.001,0.002,0.427,0.546,0,0.338,0.508,0.115,0.005,0.003,0.005,0.002,0.001,0,0.001,0,0.001,0,0,0,0.001,0.971,0.001,0.001,0.001
iROZHLAS.cz,123858471641,99,97,0.98,33,114150,1153,2147450,21691,95800099,967678,2.8,0,0.007,0.057,0.075,0.079,0.055,0.067,0,0.029,0.167,0.18,0.155,0.069,0.051,0.34,0.652,0,0.036,0.224,0.255,0.235,0.124,0.118,0.247,0.094,0.049,0.049,0.023,0.068,0.037,0.046,0.04,0.035,0.124,0.053,0.091,0.044
Změna pro Říčany • STAN,909606155877035,98,58,0.592,175,32251,329,366951,3744,4482098,45736,6.1,0,0.098,0.116,0.13,0.091,0.049,0.041,0,0.094,0.119,0.108,0.079,0.032,0.024,0.526,0.457,0,0.192,0.235,0.239,0.17,0.081,0.065,0.006,0.954,0.002,0.003,0.002,0.004,0.002,0.002,0.002,0.002,0.004,0.002,0.004,0.002
PRAHA SOBĚ,944792105610443,95,52,0.547,151,511352,5383,5691452,59910,6145095,64685,5.9,0,0.042,0.182,0.151,0.076,0.032,0.032,0,0.053,0.18,0.134,0.061,0.022,0.022,0.515,0.473,0,0.095,0.362,0.284,0.137,0.055,0.055,1,0,0,0,0,0,0,0,0,0,0,0,0,0
"ANO, tohle je Holešov",1458056954448171,89,28,0.315,13,32656,367,448956,5044,1245277,13992,6,0,0.129,0.124,0.099,0.074,0.034,0.022,0,0.102,0.12,0.079,0.045,0.019,0.015,0.481,0.38,0,0.231,0.243,0.177,0.119,0.053,0.037,0.001,0.001,0.001,0.001,0,0.001,0,0.001,0.001,0.001,0.001,0.001,0.001,0.855
Lékaři bez hranic / Médecins Sans Frontières (MSF),130038285069,89,56,0.629,139,228956,2573,3201956,35977,16505089,185450,8,0,0.088,0.249,0.222,0.108,0.047,0.05,0,0.03,0.059,0.052,0.032,0.014,0.016,0.764,0.203,0,0.118,0.308,0.274,0.14,0.062,0.066,0.292,0.094,0.047,0.041,0.018,0.044,0.031,0.04,0.037,0.032,0.139,0.046,0.075,0.041
Piráti Praha 3,1674362659292756,85,47,0.553,92,20108,237,213458,2511,1731283,20368,4.9,0,0.076,0.184,0.101,0.041,0.017,0.015,0,0.067,0.186,0.107,0.043,0.014,0.011,0.435,0.429,0,0.143,0.37,0.208,0.084,0.032,0.026,0.842,0.003,0.002,0.002,0.001,0.003,0.001,0.001,0.001,0.001,0.003,0.002,0.004,0.002
Týdeník Respekt,52479821102,84,82,0.976,45,60258,717,1328458,15815,56980084,678334,5.9,0,0.021,0.116,0.122,0.091,0.022,0.002,0,0.044,0.218,0.203,0.126,0.024,0.002,0.374,0.615,0,0.064,0.334,0.325,0.217,0.046,0.004,0.43,0.064,0.032,0.044,0.011,0.035,0.028,0.028,0.026,0.023,0.149,0.031,0.07,0.027
Danuše Nerudová,102845669064210,81,42,0.519,45,463010,5716,6788460,83808,43610081,538396,6.9,0,0.116,0.115,0.086,0.068,0.055,0.064,0,0.091,0.132,0.101,0.068,0.036,0.037,0.505,0.466,0,0.208,0.248,0.187,0.137,0.091,0.101,0.183,0.093,0.066,0.04,0.015,0.119,0.034,0.032,0.042,0.036,0.071,0.042,0.171,0.029
Stanislav Blaha,495496033796328,81,74,0.914,111,45310,559,582460,7191,980081,12100,10.3,0,0.042,0.144,0.169,0.15,0.012,0.004,0,0.057,0.171,0.138,0.075,0.007,0.002,0.521,0.45,0,0.098,0.315,0.307,0.225,0.019,0.006,0,0,0,0,0,0,0,0,0,0,0,0,0,0.975
"Robin Povšík, zastupitel Mladé Boleslavi, Hlas pro Boleslav",301147597357008,77,75,0.974,59,64512,838,1094462,14214,890077,11559,3.1,0,0.048,0.126,0.131,0.097,0.045,0.024,0,0.053,0.165,0.158,0.097,0.034,0.019,0.471,0.526,0,0.101,0.291,0.289,0.194,0.079,0.044,0,1,0,0,0,0,0,0,0,0,0,0,0,0
3PK pro prosperující Českou Třebovou,102161328913584,76,52,0.684,345,23062,303,317962,4184,665076,8751,5.9,0,0.027,0.102,0.13,0.115,0.076,0.068,0,0.04,0.111,0.131,0.105,0.049,0.042,0.518,0.478,0,0.067,0.213,0.262,0.22,0.125,0.11,0,0,0,0,0,0,0,0,1,0,0,0,0,0
Piráti Ostrava,996724667073669,76,68,0.895,102,59012,776,1460962,19223,5945076,78225,5.7,0,0.125,0.139,0.096,0.064,0.027,0.021,0,0.108,0.191,0.121,0.07,0.019,0.015,0.472,0.523,0,0.232,0.33,0.217,0.134,0.046,0.036,0,0,0,0,0,0,0,0,0,0,0,0,1,0
Palác Akropolis,108367562692,74,8,0.108,250,31963,432,380963,5148,8683074,117339,2,0,0.065,0.109,0.072,0.054,0.05,0.061,0,0.084,0.212,0.13,0.069,0.042,0.043,0.411,0.58,0,0.149,0.321,0.202,0.123,0.092,0.104,1,0,0,0,0,0,0,0,0,0,0,0,0,0
Piráti Brno,105410686588,73,54,0.74,168,29814,408,609964,8356,1471073,20152,6.6,0,0.059,0.153,0.071,0.025,0.008,0.009,0,0.111,0.325,0.159,0.055,0.009,0.008,0.325,0.667,0,0.17,0.478,0.23,0.08,0.017,0.017,0,0,0,0,0,0,0,0,0,0,1,0,0,0
Starostové a nezávislí • STAN,370583064327,73,59,0.808,78,149714,2051,1812964,24835,36231271,496319,3.8,0,0.059,0.088,0.091,0.071,0.03,0.033,0,0.079,0.141,0.168,0.137,0.037,0.034,0.371,0.595,0,0.138,0.229,0.258,0.208,0.067,0.066,0.152,0.102,0.056,0.058,0.036,0.065,0.029,0.055,0.052,0.048,0.116,0.057,0.091,0.053
Marian Jurečka,356451014434612,72,68,0.944,63,123564,1716,4904964,68124,40360072,560557,7.1,0,0.202,0.127,0.087,0.073,0.06,0.05,0,0.103,0.095,0.074,0.052,0.038,0.033,0.6,0.395,0,0.305,0.222,0.161,0.125,0.099,0.083,0.114,0.101,0.053,0.049,0.03,0.11,0.04,0.05,0.048,0.043,0.11,0.091,0.096,0.057
Středula náš prezident,104043788987795,70,62,0.886,52,97665,1395,2689465,38421,29720169,424574,1.4,0,0.074,0.072,0.081,0.118,0.096,0.082,0,0.052,0.087,0.092,0.11,0.072,0.059,0.523,0.473,0,0.126,0.16,0.173,0.228,0.168,0.141,0.14,0.039,0.03,0.034,0.067,0.102,0.037,0.035,0.016,0.024,0.17,0.068,0.147,0.09
Tomáš Březina,107459941935424,70,46,0.657,66,2092015,29886,19134966,273357,49110169,701574,10.3,0,0.087,0.093,0.068,0.063,0.049,0.046,0,0.138,0.174,0.116,0.081,0.043,0.034,0.408,0.586,0.001,0.225,0.267,0.185,0.144,0.093,0.08,0.173,0.147,0.035,0.034,0.033,0.083,0.028,0.048,0.042,0.027,0.123,0.056,0.132,0.037
Lubomír Brož - poslanec a místostarosta Praha 5,107042794245314,69,57,0.826,140,34016,493,390466,5659,5475069,79349,3.6,0,0.006,0.052,0.136,0.16,0.143,0.17,0,0.007,0.039,0.086,0.076,0.054,0.053,0.667,0.315,0,0.013,0.091,0.222,0.236,0.198,0.224,0.971,0.002,0.001,0.001,0.001,0.002,0.001,0.001,0.001,0.001,0.002,0.001,0.002,0.001
Ministerstvo vnitra,183947234987295,67,29,0.433,37,26566,397,409466,6111,4585562,68441,9.3,0,0.052,0.087,0.078,0.06,0.028,0.016,0,0.053,0.151,0.147,0.088,0.04,0.018,0.321,0.496,0,0.105,0.238,0.225,0.148,0.068,0.033,0.264,0.081,0.036,0.046,0.024,0.06,0.039,0.027,0.038,0.034,0.076,0.023,0.038,0.022
Spolu21,100201752249169,66,34,0.515,41,48567,736,818967,12409,4950066,75001,3.9,0,0.023,0.037,0.044,0.062,0.04,0,0,0.137,0.207,0.187,0.174,0.081,0,0.207,0.787,0,0.16,0.244,0.231,0.237,0.122,0,0.21,0.105,0.053,0.047,0.024,0.078,0.042,0.048,0.048,0.04,0.133,0.048,0.078,0.046
SPOLU Pardubice,108115708593293,65,49,0.754,78,81718,1257,843968,12984,4395065,67616,3.6,0,0.113,0.092,0.086,0.094,0.081,0.025,0,0.087,0.109,0.102,0.095,0.065,0.013,0.492,0.472,0,0.2,0.202,0.188,0.189,0.146,0.039,0,0,0,0,0,0,0,0.027,0.942,0,0,0,0,0
Člověk v tísni,60516116431,64,16,0.25,46,784468,12257,4265470,66648,22850064,357032,17.3,0,0.03,0.132,0.14,0.11,0.056,0.049,0,0.022,0.079,0.074,0.063,0.034,0.03,0.517,0.302,0,0.052,0.211,0.214,0.173,0.09,0.079,0.267,0.082,0.035,0.034,0.017,0.043,0.028,0.035,0.031,0.025,0.104,0.035,0.058,0.031
Zbyněk Stanjura,134443820058669,64,32,0.5,72,88668,1385,1367468,21367,4800064,75001,4.3,0,0.011,0.031,0.048,0.065,0.041,0,0,0.113,0.229,0.202,0.175,0.078,0,0.197,0.797,0,0.124,0.261,0.25,0.241,0.119,0,0.228,0.105,0.052,0.046,0.024,0.072,0.04,0.049,0.045,0.04,0.136,0.045,0.072,0.045
Dohoda pro Humpolec,104184649058961,63,25,0.397,60,22218,353,157468,2499,82548,1310,2.6,0,0.104,0.158,0.131,0.088,0.032,0.023,0,0.1,0.158,0.104,0.059,0.024,0.014,0.536,0.459,0,0.204,0.315,0.235,0.147,0.056,0.037,0,0,0,0,0,0,0,0,0,1,0,0,0,0
Jan Dohnal - kandidát na primátora Ostravy,106614128268751,63,30,0.476,71,89018,1413,856968,13603,6270162,99526,13.5,0,0.092,0.141,0.1,0.026,0.02,0.018,0,0.126,0.272,0.149,0.027,0.014,0.011,0.397,0.599,0,0.217,0.413,0.249,0.053,0.034,0.029,0.009,0.009,0.006,0.006,0.003,0.009,0.004,0.005,0.004,0.004,0.008,0.005,0.923,0.005
Martin Sedeke místostarosta Prahy 11,100760001626922,63,29,0.46,206,72968,1158,790468,12547,1480063,23493,8.4,0,0.064,0.124,0.114,0.07,0.039,0.044,0,0.073,0.159,0.13,0.079,0.033,0.033,0.456,0.505,0,0.137,0.282,0.244,0.149,0.072,0.076,0.968,0,0,0,0,0,0,0,0,0,0,0,0,0
Zapojse.eu,100775928814146,63,40,0.635,62,58818,934,626468,9944,22556063,358033,5.4,0,0.093,0.167,0.055,0.041,0.042,0.049,0,0.115,0.163,0.073,0.056,0.047,0.042,0.447,0.496,0,0.208,0.33,0.128,0.097,0.09,0.091,0.371,0.064,0.035,0.035,0.017,0.052,0.027,0.034,0.03,0.025,0.117,0.041,0.067,0.03
Společně pro Prahu 12,103054725736344,61,37,0.607,55,38720,635,295470,4844,19590061,321149,2.9,0.004,0.035,0.086,0.13,0.08,0.089,0.096,0.007,0.051,0.083,0.107,0.096,0.071,0.058,0.52,0.473,0.011,0.086,0.168,0.237,0.176,0.16,0.154,0.909,0.048,0.003,0.003,0.002,0.007,0.003,0.003,0.003,0.002,0.005,0.003,0.006,0.003
STIHL,605137899592157,61,57,0.934,44,191720,3143,3248970,53262,41800061,685247,5,0,0.084,0.069,0.065,0.075,0.065,0.068,0,0.161,0.141,0.104,0.075,0.043,0.045,0.426,0.569,0,0.246,0.209,0.169,0.15,0.108,0.113,0.109,0.111,0.067,0.062,0.026,0.075,0.043,0.057,0.051,0.054,0.11,0.073,0.097,0.061
European Movement,237466786344157,60,1,0.017,33,78470,1308,2631970,43866,34400060,573334,9.5,0,0.116,0.147,0.113,0.089,0.053,0.042,0,0.072,0.152,0.105,0.061,0.026,0.022,0.561,0.438,0,0.188,0.298,0.218,0.151,0.079,0.064,0.112,0.105,0.059,0.055,0.029,0.088,0.045,0.055,0.05,0.049,0.118,0.066,0.114,0.053
Peter Harvánek - veřejný profil,441371052635518,60,18,0.3,60,25570,426,237970,3966,2488159,41469,13.2,0,0.049,0.05,0.045,0.076,0.125,0.15,0,0.025,0.067,0.084,0.106,0.1,0.087,0.495,0.469,0,0.074,0.116,0.129,0.183,0.224,0.237,0.001,0.001,0.001,0.001,0,0.002,0.001,0.001,0.001,0,0.002,0.001,0.955,0.001
Prahajede.cz,101571722521084,60,36,0.6,47,183770,3063,3089470,51491,37811357,630189,9.3,0,0.067,0.091,0.072,0.058,0.039,0.04,0,0.09,0.189,0.161,0.098,0.045,0.041,0.368,0.625,0,0.157,0.28,0.234,0.156,0.084,0.081,0.864,0.105,0.004,0.003,0.001,0.006,0.002,0.002,0.002,0.002,0.004,0.001,0.002,0.001
Společně pro Prahu 5,114402001282139,59,7,0.119,114,23720,402,517970,8779,5900059,100001,11.5,0,0.131,0.158,0.106,0.064,0.031,0.019,0.001,0.101,0.165,0.113,0.064,0.024,0.016,0.51,0.483,0.001,0.232,0.324,0.218,0.128,0.055,0.036,0.999,0,0,0,0,0,0,0,0,0,0,0,0,0
Milan Baier,107811238569615,57,27,0.474,54,40672,714,240972,4228,1031631,18099,12.7,0,0.101,0.099,0.132,0.118,0.033,0.028,0,0.101,0.106,0.096,0.094,0.026,0.022,0.511,0.446,0,0.203,0.205,0.227,0.212,0.059,0.05,0.178,0.77,0.001,0.001,0,0.008,0.001,0.001,0.001,0.001,0.001,0.001,0.001,0
Radim Ivan - pracující politik,350510278898035,56,31,0.554,175,90922,1624,974472,17401,1674848,29908,12.3,0,0.109,0.163,0.124,0.065,0.035,0.031,0,0.104,0.184,0.081,0.042,0.022,0.017,0.527,0.451,0,0.213,0.347,0.205,0.107,0.057,0.048,0.001,0.002,0.001,0.001,0.001,0.002,0.001,0.001,0.001,0.001,0.002,0.001,0.966,0.001
Piráti Jihočeský kraj,375868542113,55,51,0.927,105,31722,577,333472,6063,3111055,56565,6.3,0,0.089,0.093,0.107,0.044,0.019,0.019,0,0.141,0.22,0.175,0.055,0.016,0.015,0.371,0.622,0,0.23,0.312,0.282,0.099,0.036,0.034,0,0.005,0.988,0.005,0,0,0,0,0,0.001,0,0,0,0
Svoboda a přímá demokracie Moravskoslezský kraj - SPD,597980334012769,55,18,0.327,40,19822,360,192472,3499,3250154,59094,8.7,0,0.058,0.054,0.044,0.07,0.126,0.156,0,0.03,0.061,0.069,0.097,0.091,0.087,0.508,0.434,0,0.088,0.115,0.113,0.167,0.217,0.243,0.001,0.001,0.001,0.001,0.001,0.002,0.001,0.001,0.001,0.001,0.001,0.001,0.934,0.001
Karel Podzimek - místostarosta města Znojma,115112916857629,53,28,0.528,69,38424,725,555474,10481,690053,13020,18.5,0,0.048,0.132,0.153,0.126,0.08,0.073,0,0.046,0.114,0.095,0.066,0.032,0.032,0.612,0.384,0.001,0.093,0.246,0.248,0.192,0.112,0.105,0,0,0,0,0,0,0,0,0,0.042,0.957,0,0,0
Ostravak,1812098778828241,53,35,0.66,51,29624,559,588974,11113,8108152,152984,4.4,0,0.071,0.115,0.123,0.112,0.089,0.078,0,0.052,0.082,0.075,0.063,0.034,0.028,0.588,0.334,0,0.123,0.198,0.197,0.175,0.123,0.106,0,0,0,0,0,0,0,0,0,0,0,0.002,0.914,0.004
STAN a Zelení Olomouc,1156076277912221,51,50,0.98,73,21124,414,203474,3990,825051,16177,2.6,0,0.05,0.09,0.091,0.086,0.066,0.071,0,0.072,0.154,0.132,0.088,0.044,0.05,0.454,0.54,0,0.122,0.244,0.223,0.174,0.11,0.121,0,0,0,0,0,0,0,0,0,0,0,0.998,0,0.001
Piráti Praha,587682004653785,50,45,0.9,94,56975,1140,1382475,27650,12915248,258305,6.7,0,0.093,0.118,0.075,0.047,0.029,0.032,0,0.093,0.195,0.142,0.082,0.033,0.032,0.394,0.578,0,0.185,0.313,0.218,0.129,0.063,0.064,0.917,0.032,0.002,0.002,0.001,0.004,0.002,0.002,0.002,0.001,0.004,0.002,0.004,0.002
"Renata Chmelová, senátorka Prahy 10",1708126532760089,50,50,1,112,51875,1038,757475,15150,2815050,56301,2.9,0,0.123,0.198,0.14,0.084,0.043,0.036,0,0.054,0.133,0.095,0.05,0.02,0.016,0.626,0.369,0,0.177,0.331,0.236,0.134,0.064,0.052,1,0,0,0,0,0,0,0,0,0,0,0,0,0
Tomáš Macura,1012758632220180,50,19,0.38,377,23275,466,474975,9500,3732248,74645,2.5,0,0.026,0.1,0.105,0.091,0.077,0.079,0,0.037,0.169,0.133,0.092,0.047,0.042,0.477,0.519,0,0.063,0.269,0.239,0.183,0.123,0.12,0,0,0,0,0,0,0,0,0,0,0,0,1,0
Voyo.cz,137778619615350,50,11,0.22,32,239675,4794,3306976,66140,19392050,387841,11.4,0,0.094,0.199,0.181,0.169,0.07,0.04,0,0.053,0.081,0.041,0.03,0.011,0.008,0.752,0.224,0,0.147,0.28,0.222,0.199,0.08,0.048,0.108,0.119,0.056,0.057,0.031,0.094,0.042,0.051,0.049,0.043,0.107,0.058,0.113,0.05
Koalice Vlasta,1458827397686128,49,47,0.959,109,60226,1229,927476,18928,1810049,36940,4.8,0,0.105,0.159,0.111,0.07,0.037,0.032,0,0.086,0.17,0.114,0.062,0.025,0.02,0.513,0.478,0,0.191,0.329,0.226,0.133,0.062,0.052,1,0,0,0,0,0,0,0,0,0,0,0,0,0
Piráti České Budějovice,153535188480725,49,34,0.694,172,24626,503,270476,5520,1350247,27556,3.5,0,0.099,0.104,0.08,0.049,0.033,0.035,0,0.134,0.196,0.114,0.053,0.028,0.028,0.399,0.554,0,0.232,0.301,0.194,0.102,0.061,0.063,0,0,0.959,0,0,0,0,0,0,0,0,0,0,0
Redakce NF Svědomí národa,100955509189359,49,28,0.571,127,41426,845,1016976,20755,49000049,1000001,3,0,0,0.026,0.106,0.212,0.156,0.021,0,0,0.038,0.129,0.19,0.105,0.011,0.521,0.474,0,0.001,0.064,0.235,0.402,0.261,0.032,0.114,0.099,0.055,0.051,0.03,0.089,0.046,0.054,0.05,0.044,0.115,0.067,0.124,0.062
Euro Defense,105131638836057,48,48,1,60,61126,1273,804476,16760,20850048,434376,4.4,0,0.002,0.005,0.014,0.027,0.035,0.032,0,0.099,0.224,0.204,0.174,0.101,0.082,0.114,0.883,0,0.101,0.229,0.219,0.2,0.135,0.113,0.189,0.107,0.055,0.063,0.027,0.077,0.042,0.05,0.047,0.038,0.116,0.056,0.09,0.042
Český rozhlas - Radiožurnál,50309511751,47,46,0.979,35,43726,930,1748976,37212,45500047,968086,7.6,0,0.031,0.079,0.104,0.078,0.049,0.034,0,0.046,0.152,0.155,0.113,0.045,0.024,0.375,0.534,0,0.077,0.23,0.259,0.191,0.094,0.058,0.185,0.096,0.052,0.051,0.02,0.062,0.037,0.046,0.04,0.036,0.108,0.05,0.087,0.042
Hlas pro Boleslav,102383425874954,47,43,0.915,55,39026,830,662476,14095,470047,10001,3.4,0,0.04,0.118,0.133,0.101,0.049,0.03,0,0.045,0.158,0.162,0.103,0.036,0.022,0.471,0.527,0,0.085,0.277,0.295,0.204,0.085,0.052,0,1,0,0,0,0,0,0,0,0,0,0,0,0
David Pokorný - lídr Fakt Brno,1675252432766963,45,43,0.956,40,26828,596,581978,12933,2970144,66003,6.2,0,0.141,0.18,0.046,0.001,0.001,0.001,0,0.177,0.353,0.085,0.003,0.002,0.003,0.371,0.622,0,0.317,0.533,0.131,0.004,0.003,0.004,0.006,0.001,0.001,0.001,0,0.001,0.001,0.001,0.001,0.002,0.978,0.002,0.002,0.002
Mariana Čapková - kandidátka na starostku Prahy 6,109501160564065,45,28,0.622,73,39328,874,423478,9411,1012045,22490,7,0,0.08,0.141,0.13,0.082,0.049,0.054,0,0.075,0.144,0.108,0.063,0.03,0.031,0.536,0.452,0,0.155,0.285,0.238,0.145,0.08,0.085,1,0,0,0,0,0,0,0,0,0,0,0,0,0
Martin Krsek do Senátu,101940572506366,45,29,0.644,61,32078,713,427478,9500,516837,11485,3.6,0,0.02,0.045,0.085,0.12,0.097,0.122,0,0.029,0.08,0.125,0.13,0.079,0.064,0.489,0.507,0,0.049,0.125,0.21,0.25,0.176,0.186,0.004,0.001,0,0,0,0.991,0,0,0,0,0.001,0,0.001,0
PRAHA 9 SOBĚ,175278506715466,45,13,0.289,161,22428,498,160478,3566,606936,13487,2.7,0,0.04,0.101,0.116,0.091,0.06,0.069,0,0.047,0.12,0.109,0.072,0.039,0.037,0.477,0.424,0,0.088,0.221,0.225,0.163,0.099,0.106,0.911,0,0,0,0,0,0,0,0,0,0,0,0,0
Hnutí Občané pro Budějovice,109441109110173,43,40,0.93,126,26328,612,307478,7151,3902042,90745,7.4,0,0.054,0.109,0.129,0.096,0.069,0.067,0,0.044,0.116,0.108,0.073,0.04,0.042,0.524,0.424,0,0.098,0.225,0.237,0.17,0.109,0.109,0.016,0.007,0.884,0.004,0.003,0.005,0.002,0.003,0.003,0.003,0.008,0.002,0.006,0.003
Martin Kuba,114474108677288,43,31,0.721,318,90078,2095,726978,16906,2769142,64399,2.6,0,0.028,0.076,0.115,0.115,0.082,0.08,0,0.049,0.112,0.11,0.088,0.048,0.046,0.495,0.454,0,0.077,0.188,0.225,0.203,0.131,0.126,0.009,0.013,0.887,0.006,0.002,0.005,0.002,0.003,0.002,0.008,0.005,0.003,0.005,0.002
Libeňský mourek,113489557033298,42,26,0.619,85,25379,604,282979,6738,3658042,87096,4.5,0,0.026,0.068,0.075,0.074,0.054,0.084,0,0.071,0.165,0.148,0.106,0.054,0.065,0.381,0.609,0.001,0.096,0.233,0.223,0.18,0.107,0.15,0.999,0.001,0,0,0,0,0,0,0,0,0,0,0,0
Svoboda zvířat,149945438407451,42,35,0.833,81,334729,7970,4038479,96154,22645240,539172,5.8,0,0.323,0.25,0.114,0.092,0.059,0.034,0,0.047,0.04,0.017,0.01,0.006,0.005,0.872,0.124,0,0.37,0.29,0.13,0.102,0.065,0.039,0.2,0.11,0.055,0.053,0.028,0.084,0.039,0.045,0.042,0.035,0.105,0.053,0.098,0.042
STAN Praha,707458719329186,41,30,0.732,59,31430,767,525980,12829,7372437,179816,6.7,0,0.023,0.06,0.083,0.086,0.05,0.07,0,0.055,0.145,0.162,0.124,0.069,0.066,0.371,0.621,0,0.077,0.205,0.245,0.21,0.119,0.137,0.992,0.007,0,0,0,0,0,0,0,0,0,0,0,0
Liberec otevřený lidem,421861864941135,40,36,0.9,71,42480,1062,593980,14850,6130040,153251,4.3,0.011,0.065,0.083,0.093,0.093,0.064,0.067,0.008,0.068,0.131,0.118,0.085,0.041,0.042,0.476,0.493,0.019,0.132,0.214,0.211,0.178,0.106,0.109,0.007,0.006,0.003,0.003,0.001,0.006,0.923,0.003,0.003,0.002,0.006,0.003,0.005,0.002
Kde fondy EU pomáhají,470593056405865,39,7,0.179,14,61580,1579,1298980,33307,19510435,500268,9.2,0,0.079,0.13,0.101,0.076,0.048,0.036,0,0.122,0.169,0.091,0.06,0.03,0.026,0.471,0.498,0,0.201,0.299,0.192,0.136,0.078,0.062,0.069,0.181,0.034,0.107,0.014,0.1,0.044,0.067,0.098,0.092,0.057,0.036,0.046,0.027
Markéta Vaňková,433052613812240,39,38,0.974,91,127530,3270,1902480,48782,3850039,98719,11,0,0.041,0.128,0.136,0.073,0,0,0,0.07,0.244,0.197,0.078,0,0,0.378,0.589,0,0.111,0.372,0.333,0.152,0,0,0,0,0,0,0,0,0,0,0,0,0.974,0,0,0
ODS pro Zlín,216195355109791,39,14,0.359,18,24630,632,170480,4371,365039,9360,5.4,0,0.08,0.2,0.14,0.087,0.037,0.035,0,0.069,0.157,0.099,0.052,0.022,0.018,0.579,0.416,0,0.149,0.357,0.238,0.139,0.059,0.053,0,0,0,0,0,0,0,0,0,0,0,0,0,1
Deník.cz,206045673805,38,28,0.737,28,98881,2602,1389981,36578,37000038,973685,6.6,0,0.058,0.039,0.046,0.067,0.089,0.172,0,0.037,0.052,0.075,0.105,0.107,0.149,0.47,0.524,0,0.095,0.09,0.121,0.172,0.196,0.321,0.172,0.093,0.055,0.05,0.029,0.088,0.04,0.049,0.046,0.039,0.105,0.057,0.122,0.053
Nezávislá Zbraslav,101079525821135,38,38,1,72,71081,1871,491981,12947,1190038,31317,3.9,0,0.048,0.111,0.137,0.119,0.061,0.052,0,0.051,0.118,0.126,0.093,0.042,0.035,0.528,0.465,0,0.099,0.229,0.262,0.212,0.103,0.087,0.972,0.028,0,0,0,0,0,0,0,0,0,0,0,0
Pomáháme Ukrajině,102403989060169,38,32,0.842,98,106481,2802,2865981,75421,33400038,878948,4.4,0,0.022,0.115,0.125,0.104,0.062,0.061,0,0.029,0.153,0.136,0.095,0.049,0.047,0.489,0.509,0,0.051,0.268,0.261,0.198,0.112,0.108,0.093,0.109,0.062,0.059,0.032,0.096,0.043,0.058,0.054,0.052,0.109,0.063,0.113,0.054
Reportér magazín,1469427909957890,38,24,0.632,73,102981,2710,2657981,69947,36001038,947396,3,0,0.009,0.054,0.086,0.083,0.081,0.113,0,0.022,0.112,0.144,0.122,0.081,0.084,0.426,0.565,0,0.031,0.166,0.231,0.205,0.162,0.196,0.212,0.099,0.053,0.051,0.025,0.072,0.04,0.047,0.043,0.038,0.121,0.061,0.09,0.048
TOP 09,90002267161,37,35,0.946,68,49782,1345,559982,15135,7445037,201217,4.9,0,0.01,0.032,0.043,0.061,0.079,0.093,0,0.071,0.164,0.161,0.117,0.077,0.061,0.318,0.651,0,0.081,0.195,0.204,0.178,0.156,0.154,0.189,0.099,0.042,0.105,0.022,0.067,0.037,0.071,0.034,0.028,0.106,0.045,0.093,0.035
Alexandra Udženija,280617905401953,36,19,0.528,94,126232,3506,1705982,47388,3290036,91390,22,0.001,0.115,0.204,0.133,0.059,0.015,0.046,0.001,0.071,0.149,0.107,0.045,0.011,0.035,0.573,0.419,0.002,0.186,0.353,0.241,0.103,0.026,0.081,1,0,0,0,0,0,0,0,0,0,0,0,0,0
Dalibor Uhlíř - oficiální,116938576359818,36,33,0.917,42,17882,497,218982,6083,627036,17418,2.5,0,0,0.111,0.149,0.112,0.047,0.01,0,0.001,0.226,0.187,0.113,0.036,0.006,0.429,0.568,0,0.001,0.337,0.336,0.225,0.083,0.015,0,0,1,0,0,0,0,0,0,0,0,0,0,0
Tomáš Jirsa,1965234540369455,36,17,0.472,35,28182,783,362482,10069,2520234,70006,8.9,0,0.026,0.057,0.13,0.131,0.1,0.098,0,0.032,0.083,0.12,0.093,0.049,0.05,0.542,0.427,0,0.058,0.139,0.25,0.223,0.15,0.148,0.001,0,0.968,0.002,0,0,0,0,0,0,0,0,0,0
Alena Schillerová,384187235387895,35,34,0.971,267,249182,7119,1812482,51785,2950035,84287,2,0,0.011,0.044,0.075,0.113,0.144,0.211,0,0.024,0.065,0.075,0.08,0.064,0.091,0.598,0.4,0,0.035,0.11,0.151,0.192,0.208,0.303,0.092,0.096,0.048,0.049,0.039,0.121,0.046,0.049,0.044,0.036,0.135,0.057,0.138,0.048
České zájmy v EU,108726857444837,35,21,0.6,111,57232,1635,1923982,54971,23100035,660001,4.4,0,0.026,0.107,0.127,0.093,0.041,0.038,0,0.038,0.196,0.153,0.107,0.039,0.033,0.432,0.566,0,0.064,0.303,0.28,0.2,0.08,0.071,0.082,0.109,0.063,0.056,0.032,0.098,0.044,0.056,0.054,0.053,0.112,0.067,0.116,0.058
Richard Vereš,126192198099,35,16,0.457,222,17832,509,331482,9471,1590035,45430,3.8,0,0.039,0.109,0.106,0.093,0.075,0.075,0,0.048,0.164,0.12,0.084,0.045,0.038,0.497,0.498,0,0.087,0.272,0.226,0.176,0.12,0.113,0,0,0,0,0,0,0,0,0,0,0,0,1,0
Zdeněk Nytra,407201456420064,35,19,0.543,75,21582,617,259982,7428,3103035,88658,3.7,0,0.054,0.059,0.101,0.143,0.106,0.032,0,0.067,0.108,0.126,0.133,0.057,0.01,0.494,0.5,0,0.12,0.167,0.227,0.275,0.163,0.042,0.002,0.001,0,0,0,0,0,0,0,0,0.001,0,0.993,0
"Michal Sedláček - kandidát do Senátu, hlavní architekt Brna",605391559903344,34,24,0.706,103,29683,873,459483,13514,1760034,51766,7.4,0,0.028,0.059,0.056,0.05,0.045,0.064,0,0.054,0.161,0.131,0.075,0.045,0.049,0.304,0.516,0,0.082,0.221,0.188,0.125,0.09,0.114,0,0,0,0,0,0,0,0,0,0,0.824,0,0,0
Robert Šlachta,103430204491217,34,31,0.912,93,191933,5645,2526483,74308,8276034,243413,7.2,0,0.007,0.019,0.044,0.097,0.141,0.176,0,0.019,0.05,0.092,0.126,0.102,0.095,0.484,0.484,0,0.026,0.068,0.136,0.223,0.243,0.271,0.09,0.09,0.048,0.046,0.033,0.126,0.044,0.049,0.044,0.035,0.136,0.057,0.122,0.05
Sev.en Energy,992555574111774,33,2,0.061,15,407584,12351,6449986,195454,13112429,397346,19.1,0.001,0.171,0.122,0.088,0.036,0.027,0.036,0.001,0.147,0.137,0.117,0.047,0.027,0.038,0.48,0.514,0.001,0.318,0.259,0.205,0.083,0.054,0.074,0.176,0.117,0.053,0.055,0.027,0.094,0.044,0.056,0.053,0.038,0.099,0.052,0.093,0.042
Brno Plus,263270307130430,32,15,0.469,17,88834,2776,714984,22343,3200032,100001,1.8,0,0.035,0.046,0.052,0.074,0.09,0.13,0,0.053,0.105,0.126,0.109,0.08,0.093,0.427,0.567,0,0.087,0.152,0.177,0.183,0.17,0.224,0,0,0,0,0,0,0,0,0,0,1,0,0,0
HateFree Culture,287724754662359,32,21,0.656,159,37534,1173,2173484,67921,14930032,466564,11.8,0.046,0.159,0.167,0.096,0.046,0.01,0.005,0.031,0.099,0.158,0.11,0.051,0.009,0.004,0.531,0.462,0.078,0.259,0.325,0.206,0.097,0.019,0.009,0.44,0.186,0.02,0.019,0.01,0.032,0.014,0.018,0.016,0.015,0.164,0.018,0.032,0.016
Martin Karim do Senátu,101136795503838,31,20,0.645,59,25934,837,229484,7403,261328,8430,4.5,0,0.036,0.125,0.16,0.087,0.02,0.014,0,0.056,0.191,0.188,0.095,0.014,0.009,0.442,0.552,0,0.091,0.315,0.348,0.182,0.034,0.023,0.014,0.985,0,0,0,0,0,0,0,0,0,0,0,0
Mikuláš Peksa,356448681873897,31,27,0.871,89,48234,1556,596984,19258,6885130,222101,6.2,0,0.06,0.064,0.027,0.007,0,0,0,0.096,0.431,0.253,0.059,0,0,0.158,0.838,0,0.156,0.494,0.28,0.065,0,0,0.362,0.089,0.033,0.04,0.014,0.047,0.026,0.033,0.03,0.028,0.136,0.043,0.086,0.032
ODS Zlínský kraj,118797678145782,31,1,0.032,0,27084,874,197484,6370,222031,7162,6.5,0,0.08,0.169,0.123,0.081,0.037,0.03,0,0.066,0.149,0.101,0.054,0.022,0.018,0.52,0.41,0,0.146,0.318,0.223,0.135,0.059,0.048,0,0,0,0,0,0,0,0,0,0,0,0,0,0.935
Tomáš Hudeček,219839338136581,30,21,0.7,57,33885,1130,261985,8733,3350030,111668,9.2,0,0.157,0.105,0.062,0.072,0.049,0,0,0.1,0.132,0.12,0.11,0.05,0,0.446,0.512,0,0.258,0.237,0.182,0.182,0.099,0,0.944,0.023,0,0,0,0,0,0,0,0,0,0,0,0
Zlín 21,625530284136204,30,22,0.733,47,34035,1134,373485,12450,295030,9834,6.3,0,0.09,0.15,0.132,0.083,0.01,0.008,0,0.089,0.188,0.144,0.066,0.001,0,0.473,0.488,0,0.179,0.339,0.276,0.148,0.011,0.008,0,0,0,0,0,0,0,0,0,0,0,0,0,0.967
"ANO, tohle je Znojmo",686278158049451,29,28,0.966,160,38036,1312,438486,15120,290029,10001,6.8,0,0.118,0.128,0.122,0.099,0.049,0.034,0,0.086,0.13,0.106,0.073,0.029,0.021,0.55,0.445,0,0.204,0.259,0.227,0.173,0.078,0.055,0,0,0,0,0,0,0,0,0,0,1,0,0,0
Ladislav Šupina - kandidát do Senátu,110603501681275,29,24,0.828,56,20736,715,213486,7362,1440029,49656,1.4,0,0.023,0.054,0.09,0.126,0.117,0.128,0,0.03,0.081,0.093,0.096,0.061,0.062,0.538,0.423,0,0.054,0.135,0.183,0.222,0.178,0.191,0,0,0,0,0,0,0,0,0.002,0,0,0.076,0.884,0
"Michal Vronský, kandidát na starostu Prahy 3",273251297864533,29,22,0.759,91,36936,1274,406486,14017,530029,18277,4.6,0,0.033,0.124,0.124,0.073,0.045,0.049,0,0.065,0.188,0.151,0.075,0.032,0.033,0.447,0.543,0,0.097,0.312,0.275,0.147,0.078,0.081,0.905,0.037,0.006,0.006,0.003,0.009,0.005,0.005,0.004,0.003,0.006,0.004,0.005,0.002
Patrik Nacher,810056782516469,29,22,0.759,15,86536,2984,1093986,37724,1671029,57622,8.3,0,0.002,0.015,0.027,0.053,0.123,0.279,0,0.007,0.05,0.073,0.088,0.109,0.171,0.499,0.498,0,0.009,0.065,0.101,0.141,0.232,0.449,0.238,0.097,0.041,0.039,0.03,0.091,0.04,0.044,0.039,0.031,0.094,0.051,0.118,0.046
Replastuj.cz,103059308644099,29,29,1,41,131836,4546,2874486,99120,24300029,837932,3.8,0,0.037,0.102,0.082,0.088,0.118,0.151,0,0.042,0.111,0.082,0.064,0.053,0.063,0.579,0.416,0,0.079,0.212,0.165,0.152,0.172,0.215,0.139,0.097,0.056,0.054,0.031,0.096,0.046,0.054,0.049,0.043,0.115,0.06,0.111,0.05
Rozvíjíme Hradec,115168387852151,29,25,0.862,81,22386,772,234986,8103,1250029,43104,2.2,0,0.037,0.088,0.092,0.098,0.074,0.078,0,0.049,0.112,0.102,0.077,0.039,0.045,0.467,0.424,0,0.086,0.2,0.194,0.175,0.113,0.124,0,0,0,0,0,0,0,0.897,0,0,0,0,0,0
Starostové pro Liberec,1390628097826429,29,24,0.828,48,35036,1208,316486,10913,850029,29311,4.5,0,0.066,0.102,0.097,0.101,0.06,0.064,0,0.051,0.111,0.116,0.104,0.044,0.045,0.49,0.47,0,0.117,0.213,0.212,0.205,0.104,0.108,0,0,0,0,0,0,0.966,0,0,0,0,0,0,0
1planet4all,107536521911422,28,27,0.964,39,406786,14528,6815986,243428,26200028,935715,15.1,0,0.306,0.195,0.02,0,0,0,0,0.253,0.192,0.018,0,0,0,0.522,0.463,0.001,0.559,0.387,0.038,0,0,0,0.141,0.101,0.06,0.054,0.025,0.081,0.043,0.053,0.051,0.046,0.116,0.058,0.116,0.052
"Renáta Zajíčková, poslankyně, starostka Pětky",2016193845077300,28,28,1,249,27486,982,354986,12678,16500028,589287,4.5,0.017,0.029,0.066,0.088,0.074,0.054,0.045,0.019,0.076,0.177,0.147,0.105,0.057,0.039,0.372,0.619,0.036,0.105,0.243,0.234,0.179,0.111,0.083,0.81,0.076,0.008,0.008,0.005,0.016,0.007,0.009,0.008,0.006,0.016,0.008,0.016,0.007
Skautský institut,590249011043899,28,12,0.429,70,24586,878,647986,23142,16750027,598215,12,0,0.015,0.02,0.047,0.056,0.09,0.164,0,0.034,0.062,0.13,0.125,0.106,0.144,0.391,0.601,0,0.049,0.082,0.177,0.181,0.196,0.308,0.026,0.04,0.079,0.036,0.018,0.088,0.1,0.108,0.068,0.071,0.113,0.04,0.134,0.071
My jsme Přísaha Kladno,105808408727664,27,23,0.852,48,40986,1518,337486,12499,1290027,47779,4.1,0,0.033,0.057,0.08,0.114,0.104,0.104,0,0.056,0.113,0.107,0.106,0.069,0.054,0.492,0.504,0,0.09,0.171,0.187,0.219,0.172,0.157,0.011,0.963,0.002,0.002,0.002,0.005,0.002,0.002,0.001,0.001,0.003,0.001,0.004,0.001
Severočeši - Litoměřice,131534120373078,27,27,1,230,30736,1138,346486,12833,700027,25927,6.3,0,0.073,0.114,0.145,0.125,0.074,0.054,0,0.064,0.107,0.105,0.071,0.035,0.029,0.585,0.411,0,0.137,0.221,0.25,0.196,0.109,0.083,0.003,0.005,0,0,0,0.989,0.002,0,0,0,0,0,0,0
Volvo Car Česká Republika,287618427947052,27,16,0.593,27,46736,1731,956486,35425,19700027,729631,2.2,0,0,0.082,0.078,0.055,0.05,0.05,0.001,0,0.213,0.183,0.113,0.067,0.066,0.315,0.643,0.001,0,0.295,0.261,0.168,0.117,0.116,0.212,0.137,0.049,0.049,0.027,0.07,0.036,0.043,0.039,0.035,0.091,0.044,0.083,0.041
Filip Dvořák - Praha 1,104815462295502,26,16,0.615,44,31487,1211,242987,9346,980026,37693,12.3,0,0.052,0.094,0.087,0.078,0.051,0.041,0,0.07,0.16,0.157,0.113,0.053,0.036,0.404,0.589,0,0.122,0.254,0.244,0.191,0.104,0.077,1,0,0,0,0,0,0,0,0,0,0,0,0,0
RadioZet.cz,103923024523450,26,6,0.231,18,16237,624,120987,4653,9000026,346155,35.2,0,0.063,0.047,0.016,0.022,0.056,0.117,0,0.048,0.035,0.022,0.042,0.084,0.177,0.32,0.408,0,0.111,0.082,0.038,0.063,0.14,0.294,0.134,0.076,0.035,0.039,0.023,0.061,0.03,0.036,0.031,0.025,0.081,0.037,0.084,0.037
Kateřina Daczická,108651807679403,24,20,0.833,65,39638,1652,411488,17145,1445024,60209,5.9,0,0.084,0.061,0.063,0.136,0.098,0.074,0,0.051,0.074,0.09,0.14,0.076,0.047,0.518,0.478,0,0.136,0.135,0.153,0.276,0.174,0.121,0,0.839,0.002,0,0,0,0,0.01,0.062,0.088,0,0,0,0
Praha 8 Bez Chaosu s krizovými manažery,107052682021701,24,22,0.917,628,47638,1985,677488,28229,10250024,427084,5,0,0.028,0.059,0.045,0.044,0.041,0.046,0,0.108,0.278,0.158,0.091,0.048,0.049,0.263,0.731,0,0.135,0.337,0.203,0.135,0.088,0.095,0.948,0.051,0,0,0,0.001,0,0,0,0,0,0,0,0
Leoš Stránský,103761178989956,23,18,0.783,31,71938,3128,613988,26695,2330023,101305,5.1,0,0.066,0.103,0.125,0.122,0.072,0.057,0,0.068,0.129,0.111,0.078,0.036,0.027,0.545,0.45,0,0.134,0.232,0.236,0.2,0.108,0.084,0.02,0.926,0.004,0.006,0.003,0.008,0.003,0.003,0.004,0.002,0.007,0.003,0.005,0.004
Společně pro Prahu 8 - TOP 09 a STAN,198431717471046,23,15,0.652,104,24538,1067,181488,7891,1791023,77871,4.5,0,0.035,0.105,0.116,0.106,0.03,0.011,0,0.057,0.193,0.181,0.125,0.027,0.007,0.403,0.591,0,0.093,0.298,0.297,0.231,0.057,0.019,0.959,0.004,0.002,0.002,0.002,0.006,0.002,0.002,0.002,0.002,0.004,0.003,0.007,0.002
Jiří Oliva - náměstek primátorky,106766540981612,22,17,0.773,115,32989,1500,315989,14363,2050022,93183,2.6,0,0.031,0.077,0.104,0.098,0.095,0.106,0,0.036,0.129,0.137,0.082,0.047,0.053,0.51,0.483,0,0.066,0.206,0.241,0.18,0.142,0.159,0,0,0,0,0,0,0,0,0,0,1,0,0,0
Hejtmanka Petra Pecková,100505211433010,21,21,1,114,37340,1778,519490,24738,715021,34049,6.1,0,0,0.14,0.203,0.185,0,0,0,0,0.16,0.174,0.134,0,0,0.527,0.468,0,0,0.3,0.377,0.319,0,0,0.004,0.962,0,0.001,0,0.013,0.011,0.004,0.003,0.001,0.001,0,0,0
Jsme fér,578342809023884,21,13,0.619,185,93890,4471,3092490,147261,11510021,548096,12.5,0,0.138,0.178,0.117,0.1,0.066,0.048,0,0.076,0.109,0.073,0.046,0.024,0.015,0.647,0.343,0,0.214,0.287,0.19,0.146,0.089,0.063,0.225,0.091,0.051,0.047,0.025,0.075,0.037,0.045,0.042,0.036,0.134,0.054,0.09,0.041
ODS Liberec,157601240707,21,21,1,62,36840,1754,720990,34333,1010021,48096,6.2,0,0.134,0.145,0.11,0.076,0.039,0.033,0,0.094,0.134,0.103,0.073,0.029,0.023,0.536,0.457,0,0.228,0.279,0.213,0.149,0.068,0.057,0,0,0,0,0,0,1,0,0,0,0,0,0,0
Urban Developers and Investors,102090718057736,21,20,0.952,58,72490,3452,1914990,91190,7460021,355239,4.7,0,0.03,0.134,0.105,0.071,0.041,0.034,0,0.04,0.214,0.164,0.093,0.038,0.029,0.415,0.578,0,0.07,0.349,0.269,0.164,0.079,0.063,0.762,0.129,0.008,0.008,0.005,0.015,0.006,0.007,0.007,0.006,0.016,0.008,0.016,0.007
Žijeme pro Poděbrady,103236472375246,21,14,0.667,46,23190,1104,150490,7166,1096021,52191,2.1,0,0.059,0.121,0.144,0.096,0.056,0.054,0,0.062,0.116,0.099,0.074,0.036,0.03,0.53,0.417,0,0.121,0.236,0.243,0.17,0.092,0.084,0.004,0.914,0.002,0.002,0.002,0.005,0.002,0.003,0.002,0.002,0.005,0.002,0.005,0.003
Krásné Letňany,158739964797781,20,19,0.95,29,25290,1264,133990,6700,136218,6811,13.2,0,0.074,0.148,0.132,0.076,0.067,0.054,0,0.062,0.13,0.109,0.067,0.04,0.034,0.551,0.442,0,0.136,0.278,0.242,0.142,0.108,0.088,1,0,0,0,0,0,0,0,0,0,0,0,0,0
MUDr. Bohuslav Procházka - kandidát do Senátu,104353365643901,20,13,0.65,38,20940,1047,201490,10074,2472020,123601,3.2,0,0.04,0.124,0.165,0.14,0.102,0.104,0,0.037,0.083,0.077,0.057,0.033,0.034,0.675,0.321,0,0.077,0.207,0.242,0.198,0.135,0.139,0.007,0.833,0.008,0.008,0.004,0.009,0.003,0.004,0.016,0.068,0.015,0.009,0.011,0.005
SPOLU Praha,101279652413889,20,3,0.15,32,7690,384,246490,12324,3749020,187451,2.4,0,0.022,0.06,0.068,0.052,0.039,0.065,0,0.059,0.136,0.132,0.109,0.049,0.052,0.307,0.538,0,0.082,0.195,0.201,0.161,0.088,0.117,0.706,0.018,0.01,0.009,0.005,0.017,0.007,0.009,0.008,0.007,0.018,0.009,0.018,0.008
Daniel Kůs - zastupitel Plzně,101894271393926,18,17,0.944,55,46241,2569,296991,16500,1260018,70001,1.7,0,0.173,0.091,0.059,0.054,0.003,0,0,0.212,0.197,0.119,0.076,0.004,0,0.381,0.608,0,0.386,0.288,0.178,0.13,0.007,0,0,0,0,1,0,0,0,0,0,0,0,0,0,0
"Jakub Stárek, místostarosta Šestky",315747282263515,18,14,0.778,35,34091,1894,272991,15166,4860018,270001,6.2,0,0.049,0.072,0.088,0.086,0.065,0.061,0,0.068,0.141,0.142,0.114,0.069,0.035,0.422,0.569,0,0.117,0.213,0.23,0.2,0.134,0.096,0.961,0.014,0.002,0.001,0.001,0.003,0.001,0.002,0.002,0.002,0.004,0.002,0.003,0.001
Prague Pride,415472211798220,18,16,0.889,55,139791,7766,1101491,61194,2111018,117279,17.6,0,0.215,0.238,0.114,0.049,0.016,0.015,0,0.061,0.149,0.082,0.034,0.01,0.007,0.648,0.344,0,0.277,0.387,0.196,0.083,0.026,0.022,0.268,0.071,0.081,0.029,0.014,0.087,0.024,0.021,0.019,0.017,0.12,0.071,0.148,0.027
SPOLU jsme Olomouc,100738792670368,18,12,0.667,88,24141,1341,411491,22861,740018,41112,6.7,0,0.126,0.12,0.093,0.078,0.04,0.035,0,0.098,0.156,0.114,0.075,0.029,0.03,0.492,0.503,0,0.223,0.277,0.207,0.153,0.07,0.065,0,0,0,0,0,0,0,0,0,0,0,1,0,0
Svobodní Brno,103180655292989,18,8,0.444,24,20591,1144,204491,11361,2700018,150001,3.2,0,0.012,0.016,0.026,0.058,0.098,0.155,0,0.059,0.11,0.114,0.122,0.104,0.122,0.364,0.631,0,0.071,0.126,0.14,0.18,0.202,0.277,0.009,0.005,0.003,0.003,0.002,0.005,0.003,0.002,0.002,0.028,0.914,0.012,0.006,0.008
"Václav Salač - hráč, trenér mládeže, milovník fotbalu",100102138818077,17,14,0.824,153,28042,1650,1055992,62117,14500017,852942,8.8,0,0.099,0.022,0.015,0.017,0.018,0.017,0,0.222,0.18,0.175,0.125,0.059,0.046,0.189,0.807,0,0.322,0.201,0.19,0.142,0.077,0.064,0.084,0.092,0.049,0.051,0.025,0.073,0.033,0.042,0.04,0.035,0.157,0.085,0.158,0.077
ČSSD Vaši Starostové,416080635131087,16,16,1,100,46492,2906,752492,47031,891016,55688,15.6,0,0.061,0.147,0.109,0.082,0.05,0.044,0,0.057,0.186,0.129,0.071,0.03,0.028,0.494,0.501,0,0.118,0.333,0.238,0.153,0.08,0.072,0,0,0,0,0,0,0,0,0,0,1,0,0,0
Ladislav Šupina,110603501681275,16,11,0.688,54,5492,343,55992,3500,1760016,110001,1.7,0,0.015,0.052,0.095,0.137,0.146,0.174,0,0.018,0.056,0.075,0.095,0.06,0.071,0.62,0.376,0,0.034,0.108,0.17,0.233,0.207,0.245,0.003,0.005,0.003,0.002,0.003,0.007,0.003,0.004,0.005,0.003,0.005,0.088,0.862,0.004
Ladislava Brančíková do Senátu,102967535824855,16,12,0.75,53,22892,1431,431992,27000,720016,45001,6.3,0,0.092,0.103,0.117,0.111,0.073,0.057,0,0.073,0.12,0.107,0.076,0.038,0.029,0.551,0.445,0,0.165,0.223,0.224,0.187,0.111,0.086,0,0,0,0,0,0,0,0,0,0,1,0,0,0
Poradna pro obce,109664387308142,16,5,0.312,28,45092,2818,611992,38250,712016,44501,30.1,0,0.202,0.348,0.045,0.034,0.031,0.013,0,0.109,0.147,0.026,0.017,0.01,0.013,0.673,0.322,0,0.311,0.495,0.071,0.051,0.041,0.026,0.186,0.105,0.053,0.055,0.026,0.078,0.035,0.047,0.048,0.039,0.116,0.054,0.096,0.048
Agrární komora České republiky,822146574595819,14,13,0.929,250,21893,1564,371493,26535,14000014,1000001,2.6,0,0,0.034,0.1,0.149,0.038,0,0,0,0.187,0.243,0.214,0.031,0,0.32,0.675,0,0,0.22,0.343,0.363,0.069,0,0.1,0.105,0.063,0.055,0.027,0.084,0.043,0.06,0.056,0.055,0.123,0.066,0.105,0.058
Dalibor Uhlíř - do Senátu,116938576359818,14,13,0.929,46,13993,1000,135993,9714,236014,16858,1.8,0,0.015,0.132,0.177,0.127,0.017,0,0,0.028,0.206,0.176,0.108,0.012,0,0.468,0.529,0,0.043,0.338,0.352,0.235,0.029,0,0,0,1,0,0,0,0,0,0,0,0,0,0,0
Jan Čižinský,581395601924343,14,11,0.786,378,57493,4107,817493,58392,1170014,83572,3.1,0,0.036,0.185,0.13,0.052,0.039,0.034,0,0.05,0.222,0.138,0.048,0.029,0.027,0.476,0.513,0,0.087,0.407,0.268,0.099,0.068,0.061,1,0,0,0,0,0,0,0,0,0,0,0,0,0
Lenka Helena Koenigsmark,100981095684030,14,13,0.929,86,27793,1985,391493,27964,790014,56430,6.2,0,0.053,0.127,0.14,0.098,0.076,0.089,0,0.049,0.111,0.095,0.07,0.043,0.041,0.582,0.408,0,0.102,0.237,0.235,0.168,0.118,0.13,1,0,0,0,0,0,0,0,0,0,0,0,0,0
KHNP,106008800769282,13,7,0.538,49,242994,18692,5514994,424230,13000013,1000001,4.3,0,0.207,0.096,0.031,0.025,0.022,0.022,0,0.202,0.175,0.09,0.06,0.032,0.028,0.404,0.587,0,0.409,0.272,0.121,0.085,0.054,0.05,0.161,0.107,0.058,0.055,0.027,0.083,0.04,0.05,0.047,0.043,0.112,0.054,0.102,0.047
Zdeněk Šarapatka,342077753088187,13,11,0.846,103,36594,2815,266494,20500,2450013,188463,3.4,0,0.123,0.067,0.057,0.08,0.086,0.107,0,0.074,0.066,0.084,0.102,0.074,0.071,0.52,0.471,0,0.197,0.133,0.141,0.182,0.16,0.178,0.205,0.784,0,0,0,0.012,0,0,0,0,0,0,0,0
Kancelář Evropského parlamentu,278212515809,12,9,0.75,43,35494,2958,643994,53666,10000012,833334,7.2,0,0.212,0.158,0.042,0.015,0.001,0,0,0.214,0.228,0.096,0.025,0.002,0,0.429,0.566,0,0.426,0.386,0.138,0.041,0.003,0,0.255,0.068,0.047,0.059,0.036,0.074,0.042,0.05,0.042,0.04,0.103,0.048,0.093,0.043
Milan Volf - primátor,100890842680928,12,10,0.833,84,63044,5254,590494,49208,1010111,84176,3,0,0.091,0.081,0.08,0.091,0.069,0.063,0,0.076,0.106,0.093,0.081,0.044,0.035,0.474,0.436,0,0.167,0.187,0.173,0.173,0.113,0.098,0.127,0.79,0,0,0,0,0,0,0,0,0,0,0,0
ProOstravu.cz,113005051473171,12,12,1,116,20694,1724,584994,48750,1200012,100001,3.2,0,0.093,0.132,0.107,0.078,0.046,0.03,0,0.081,0.173,0.121,0.08,0.032,0.022,0.486,0.51,0,0.174,0.306,0.228,0.158,0.078,0.052,0,0,0,0,0,0,0,0,0,0,0,0,1,0
Adam Scheinherr,187407575190610,11,7,0.636,397,81244,7386,834994,75909,910011,82728,4.5,0,0.038,0.199,0.146,0.073,0.028,0.026,0,0.043,0.203,0.138,0.058,0.019,0.019,0.509,0.48,0,0.08,0.403,0.284,0.131,0.047,0.045,1,0,0,0,0,0,0,0,0,0,0,0,0,0
Denik.cz Promo,111599660619960,11,11,1,30,27994,2545,292494,26590,960011,87274,4.9,0,0.021,0.065,0.099,0.103,0.088,0.092,0,0.028,0.093,0.138,0.128,0.075,0.065,0.468,0.526,0,0.049,0.157,0.237,0.231,0.163,0.157,0,0,0,0.818,0.091,0,0,0,0,0,0,0,0.091,0
Pavel Fischer,1934837773438430,11,2,0.182,24,29844,2713,621994,56545,4070011,370001,6.1,0,0.157,0.13,0.064,0.05,0.041,0.067,0,0.12,0.151,0.078,0.051,0.037,0.047,0.508,0.484,0,0.277,0.281,0.142,0.1,0.078,0.114,0.278,0.097,0.049,0.042,0.019,0.052,0.031,0.046,0.042,0.041,0.128,0.048,0.073,0.054
ProMOST,1649724681776439,11,11,1,15,15844,1440,166494,15136,1100011,100001,6,0,0.015,0.047,0.074,0.093,0.102,0.103,0,0.027,0.107,0.143,0.132,0.086,0.069,0.434,0.562,0,0.042,0.154,0.217,0.225,0.187,0.171,0,0,0,0,0,1,0,0,0,0,0,0,0,0
Respilon Česká republika,429958040548369,11,6,0.545,24,38394,3490,344994,31363,4240011,385456,11.1,0,0.061,0.198,0.169,0.079,0.031,0.02,0,0.028,0.192,0.132,0.048,0.014,0.012,0.558,0.427,0,0.089,0.39,0.301,0.127,0.045,0.033,0.286,0.078,0.028,0.028,0.011,0.029,0.018,0.025,0.024,0.023,0.347,0.026,0.048,0.027
Zelené Brno,251491594835,11,8,0.727,128,26494,2409,395494,35954,770011,70001,4.1,0,0.134,0.202,0.116,0.055,0.019,0.02,0,0.107,0.166,0.096,0.049,0.015,0.015,0.546,0.449,0,0.242,0.368,0.212,0.105,0.034,0.035,0,0,0,0,0,0,0,0,0,0,1,0,0,0
Combo New,104434535679822,10,1,0.1,64,595,60,98995,9900,10000010,1000001,2.5,0,0,0.04,0.056,0.082,0.077,0.064,0,0,0.103,0.129,0.153,0.112,0.082,0.318,0.578,0,0,0.143,0.185,0.235,0.188,0.146,0.119,0.108,0.047,0.056,0.039,0.108,0.044,0.047,0.039,0.032,0.077,0.046,0.102,0.034
Klidné Klánovice 22 • KLIK 22,103052209160853,10,8,0.8,43,18595,1860,94995,9500,10010,1001,6.3,0,0.09,0.125,0.127,0.117,0.044,0.041,0,0.085,0.11,0.09,0.09,0.036,0.033,0.545,0.445,0,0.175,0.236,0.217,0.208,0.08,0.074,0.998,0,0,0,0,0,0,0,0,0,0,0,0,0
Radio Zet,103923024523450,10,6,0.6,17,124145,12414,685995,68600,7500010,750001,134.7,0,0.103,0.089,0.026,0.029,0.062,0.125,0,0.074,0.067,0.035,0.062,0.106,0.218,0.434,0.56,0,0.176,0.155,0.061,0.091,0.167,0.343,0.182,0.094,0.05,0.05,0.032,0.082,0.042,0.05,0.045,0.038,0.109,0.055,0.11,0.051
"Hala, nebo koně",109495851775904,9,7,0.778,59,35796,3977,809996,90000,2540009,282223,8.2,0,0.053,0.11,0.132,0.111,0.062,0.041,0,0.043,0.144,0.139,0.09,0.04,0.031,0.509,0.488,0,0.096,0.254,0.272,0.201,0.102,0.072,0.057,0.062,0.031,0.032,0.016,0.054,0.026,0.034,0.481,0.028,0.061,0.032,0.058,0.028
Lukáš Pilc - starosta,110757834995759,8,8,1,40,28796,3600,207996,26000,40008,5001,7.8,0,0.074,0.122,0.128,0.094,0.032,0.021,0,0.069,0.112,0.103,0.078,0.022,0.014,0.473,0.398,0,0.143,0.234,0.23,0.172,0.054,0.036,0,0.874,0,0,0,0,0,0,0,0,0,0,0,0
Nestlé,263441620339662,8,1,0.125,0,83246,10406,2919996,365000,8000008,1000001,7.5,0,0.305,0.203,0.049,0.003,0,0,0.001,0.224,0.169,0.036,0.002,0,0,0.56,0.431,0.001,0.53,0.372,0.084,0.004,0,0,0.459,0,0.033,0.056,0.014,0.024,0.015,0.028,0.108,0.015,0.118,0.034,0.072,0.022
René Černý - kandidát na primátora,101703942538470,8,8,1,86,21296,2662,247496,30937,560008,70001,6.4,0,0.012,0.067,0.117,0.074,0.064,0.072,0,0.022,0.148,0.178,0.117,0.064,0.059,0.407,0.588,0,0.034,0.215,0.295,0.191,0.129,0.13,0,0,0,0,0,0,0,0,0,0,1,0,0,0
Nezávislí Berouňáci,109424685781318,7,7,1,53,43996,6285,327496,46785,185007,26430,7.1,0,0.064,0.099,0.153,0.128,0.075,0.051,0,0.049,0.096,0.113,0.088,0.04,0.035,0.571,0.422,0,0.114,0.196,0.266,0.216,0.115,0.086,0.014,0.986,0,0,0,0,0,0,0,0,0,0,0,0
Liberální institut,120343698070515,6,1,0.167,14,92297,15383,1082997,180500,6000006,1000001,21.8,0,0.067,0.067,0.027,0.061,0.09,0.114,0,0.059,0.126,0.091,0.119,0.095,0.079,0.426,0.569,0,0.126,0.192,0.117,0.18,0.185,0.194,0.119,0.102,0.051,0.056,0.028,0.093,0.042,0.051,0.045,0.041,0.125,0.057,0.12,0.054
Petr Holeček,354488368019601,6,6,1,76,17947,2991,187497,31250,50006,8334,7.8,0,0.039,0.085,0.132,0.139,0.085,0,0,0.051,0.122,0.146,0.13,0.066,0,0.48,0.515,0,0.09,0.208,0.278,0.268,0.151,0,0,1,0,0,0,0,0,0,0,0,0,0,0,0
Starostové a nezávislí Mladá Boleslav,425939104497048,6,5,0.833,43,28747,4791,259997,43333,60006,10001,14.8,0,0.046,0.124,0.139,0.114,0.059,0.037,0,0.048,0.134,0.144,0.091,0.036,0.024,0.519,0.477,0,0.094,0.259,0.283,0.206,0.094,0.061,0,1,0,0,0,0,0,0,0,0,0,0,0,0
Tomáš Teplý,110285068380507,6,5,0.833,66,17347,2891,182997,30500,600006,100001,37.7,0,0.084,0.053,0.086,0.104,0.092,0.117,0,0.069,0.076,0.096,0.084,0.062,0.07,0.536,0.457,0,0.153,0.13,0.182,0.187,0.155,0.187,0,0,0,0,0,0,0,0.133,0.759,0.007,0.004,0.097,0,0
Volba Pro Kladno,130930366952714,6,6,1,110,35147,5858,381497,63583,1311006,218501,3.8,0,0.138,0.092,0.085,0.094,0.064,0.068,0,0.084,0.102,0.094,0.085,0.048,0.039,0.541,0.452,0,0.222,0.194,0.179,0.179,0.113,0.107,0.125,0.767,0.01,0.009,0.004,0.013,0.007,0.008,0.007,0.005,0.016,0.007,0.015,0.006
Petr Hlaváček,328899600936330,5,4,0.8,56,5848,1170,40498,8100,1300005,260001,2.2,0,0.032,0.071,0.057,0.06,0.051,0.07,0,0.088,0.201,0.148,0.095,0.058,0.058,0.341,0.648,0,0.12,0.273,0.205,0.155,0.109,0.128,1,0,0,0,0,0,0,0,0,0,0,0,0,0
Josef Středula,1432139953751418,4,2,0.5,13,67548,16887,492998,123250,3500004,875001,8.2,0,0,0,0.041,0.108,0.12,0.137,0,0,0,0.069,0.125,0.071,0.077,0.406,0.342,0,0,0,0.11,0.233,0.191,0.215,0.079,0.075,0.044,0.039,0.026,0.076,0.034,0.04,0.037,0.031,0.079,0.047,0.1,0.041
René Černý - politik,101703942538470,4,4,1,107,10998,2750,139998,35000,220004,55001,10.2,0,0,0.009,0.118,0.088,0.061,0.064,0,0,0.08,0.273,0.156,0.074,0.07,0.341,0.652,0,0,0.089,0.392,0.244,0.136,0.133,0,0,0,0,0,0,0,0,0,0,1,0,0,0
Skupina ČEZ,312181048799130,2,2,1,34,16249,8124,555000,277500,2000002,1000001,19.5,0,0.144,0.098,0.046,0.06,0.082,0.068,0,0.125,0.124,0.068,0.068,0.065,0.046,0.499,0.496,0,0.268,0.222,0.114,0.128,0.147,0.115,0.147,0.103,0.054,0.066,0.036,0.098,0.042,0.051,0.047,0.04,0.106,0.053,0.114,0.044
STAN Olomouc,1156076277912221,2,2,1,11,299,150,2999,1500,60002,30001,1,0,0.03,0.073,0.107,0.092,0.075,0.06,0,0.034,0.115,0.156,0.123,0.068,0.062,0.437,0.557,0,0.064,0.188,0.262,0.214,0.143,0.122,0,0,0,0,0,0,0,0,0,0,0,1,0,0
Tipsport,295889117124834,2,2,1,18,19749,9874,417499,208750,0,0,5,0,0.108,0.046,0.022,0.01,0.003,0.002,0,0.289,0.308,0.132,0.049,0.01,0.015,0.192,0.804,0,0.398,0.354,0.154,0.059,0.013,0.017,0.098,0.109,0.055,0.054,0.039,0.123,0.048,0.054,0.047,0.037,0.094,0.06,0.138,0.044
Eva Rajchmanová - starostka obce Dolní Bojanovice,110208494972750,1,1,1,28,50,50,500,500,10001,10001,1,0,0,0.066,0.12,0.243,0.214,0.157,0,0,0.043,0.041,0.054,0.029,0.03,0.8,0.197,0,0,0.109,0.161,0.297,0.243,0.187,0,0,0,0,0,0,0,0,0,0,1,0,0,0
"Michal Sedláček - hlavní architekt Brna, kandidát do Senátu",605391559903344,1,1,1,14,250,250,5500,5500,500001,500001,2,0,0.002,0.02,0.056,0.065,0.092,0.131,0,0.01,0.091,0.171,0.125,0.11,0.121,0.366,0.628,0,0.012,0.111,0.227,0.19,0.202,0.252,0,0,0,0,0,0,0,0,0,0,1,0,0,0
TOP 09 a STAN - Společně pro Prahu 8,198431717471046,1,1,1,180,950,950,12500,12500,100001,100001,2,0,0.036,0.055,0.058,0.056,0.003,0,0,0.169,0.322,0.187,0.102,0.005,0,0.208,0.785,0,0.205,0.377,0.245,0.158,0.008,0,1,0,0,0,0,0,0,0,0,0,0,0,0,0
